timestamp,status,provider,model,asset_id,asset_name,total_score,max_score,percentage,execution_time,response_length,error_detection,solution_quality,formatting,expertise
2025-12-28 01:20:59,success,mistral,mistral-large-latest,code_quality_001,WCAG 2.2 Audit (Tiered Difficulty),90,100,90.0,51.3,9395,60/60,20/30,10/10,0/0
2025-12-28 01:21:46,success,mistral,mistral-large-latest,code_quality_002,Security Audit (Tiered Difficulty),95,100,95.0,47.2,9211,55/60,30/30,10/10,0/0
2025-12-28 01:22:30,success,mistral,mistral-large-latest,code_quality_003,Web Performance Audit (Tiered Difficulty),86,100,86.0,43.7,8253,46/60,30/30,10/10,0/0
2025-12-28 01:23:11,success,mistral,mistral-large-latest,code_quality_004,REST API Design Review (Tiered Difficulty),83.0,100,83.0,40.5,7693,53/60,20.0/30,10/10,0/0
2025-12-28 01:24:00,success,mistral,mistral-large-latest,code_quality_005,Code Smells Audit (Tiered Difficulty),90,100,90.0,49.4,9829,60/60,20/30,10/10,0/0
2025-12-28 01:25:10,success,mistral,mistral-large-latest,ux_writing_001,Error Messages - User-Friendly Rewriting,55,100,55.0,15.8,2702,30/30,20/40,0/15,5/15
2025-12-28 01:25:50,success,mistral,mistral-large-latest,ux_writing_002,Button Labels - Context-Aware CTAs,83,100,83.0,39.8,7582,30/30,40/40,8/15,5/15
2025-12-28 01:26:21,success,mistral,mistral-large-latest,ux_writing_003,Onboarding Flow - 3-Step Tutorial for Complex Feature,80.0,100,80.0,30.9,5199,30/30,25.0/40,15/15,10/15
2025-12-28 01:27:10,success,mistral,mistral-large-latest,ux_writing_004,Accessibility Labels - ARIA for Screen Readers,85,100,85.0,49.2,9290,35/35,30/40,10/10,10/15
2025-12-28 01:28:19,success,mistral,mistral-large-latest,ux_writing_005,Microcopy Audit - Real-World UX Writing Assessment,81,100,81.0,68.9,13865,30/30,22/30,15/20,14/20
2025-12-28 01:35:12,success,mistral,mistral-large-latest,code_quality_001,WCAG 2.2 Audit (Tiered Difficulty),90,100,90.0,60.6,11711,60/60,20/30,10/10,0/0
2025-12-28 01:35:56,success,mistral,mistral-large-latest,code_quality_002,Security Audit (Tiered Difficulty),87,100,87.0,43.6,8518,47/60,30/30,10/10,0/0
2025-12-28 01:36:39,success,mistral,mistral-large-latest,code_quality_003,Web Performance Audit (Tiered Difficulty),86,100,86.0,42.3,7914,46/60,30/30,10/10,0/0
2025-12-28 01:37:23,success,mistral,mistral-large-latest,code_quality_004,REST API Design Review (Tiered Difficulty),76.0,100,76.0,43.9,7619,46/60,20.0/30,10/10,0/0
2025-12-28 01:38:05,success,mistral,mistral-large-latest,code_quality_005,Code Smells Audit (Tiered Difficulty),100,100,100.0,42.4,8047,60/60,30/30,10/10,0/0
2025-12-28 01:38:28,success,mistral,mistral-large-latest,ux_writing_001,Error Messages - User-Friendly Rewriting,68,100,68.0,22.0,4456,25/30,20/40,8/15,15/15
2025-12-28 01:39:12,success,mistral,mistral-large-latest,ux_writing_002,Button Labels - Context-Aware CTAs,85.0,100,85.0,44.5,7610,30/30,40/40,5.0/15,10/15
2025-12-28 01:39:47,success,mistral,mistral-large-latest,ux_writing_003,Onboarding Flow - 3-Step Tutorial for Complex Feature,87.0,100,87.0,34.5,5630,27/30,35.0/40,15/15,10/15
2025-12-28 01:40:32,success,mistral,mistral-large-latest,ux_writing_004,Accessibility Labels - ARIA for Screen Readers,75,100,75.0,45.5,8234,35/35,20/40,10/10,10/15
2025-12-28 01:41:23,success,mistral,mistral-large-latest,ux_writing_005,Microcopy Audit - Real-World UX Writing Assessment,74,100,74.0,50.1,9289,30/30,15/30,15/20,14/20
2025-12-28 02:02:56,success,mistral,mistral-large-latest,code_quality_001,WCAG 2.2 Audit (Tiered Difficulty),90,100,90.0,53.7,9812,60/60,20/30,10/10,0/0
2025-12-28 02:03:52,success,mistral,mistral-large-latest,code_quality_002,Security Audit (Tiered Difficulty),95,100,95.0,52.8,10148,55/60,30/30,10/10,0/0
2025-12-28 02:04:41,success,mistral,mistral-large-latest,code_quality_003,Web Performance Audit (Tiered Difficulty),94,100,94.0,49.0,9601,54/60,30/30,10/10,0/0
2025-12-28 02:05:38,success,mistral,mistral-large-latest,code_quality_004,REST API Design Review (Tiered Difficulty),76.0,100,76.0,56.8,10848,46/60,20.0/30,10/10,0/0
2025-12-28 02:06:06,success,mistral,mistral-large-latest,code_quality_005,Code Smells Audit (Tiered Difficulty),83,100,83.0,27.9,5906,53/60,20/30,10/10,0/0
2025-12-28 02:10:00,success,mistral,mistral-large-latest,code_quality_001,WCAG 2.2 Audit (Tiered Difficulty),100,100,100.0,51.5,9598,60/60,30/30,10/10,0/0
2025-12-28 02:10:54,success,mistral,mistral-large-latest,code_quality_002,Security Audit (Tiered Difficulty),95,100,95.0,51.7,10263,55/60,30/30,10/10,0/0
2025-12-28 02:11:37,success,mistral,mistral-large-latest,code_quality_003,Web Performance Audit (Tiered Difficulty),86,100,86.0,42.1,8303,46/60,30/30,10/10,0/0
2025-12-28 02:12:28,success,mistral,mistral-large-latest,code_quality_004,REST API Design Review (Tiered Difficulty),93,100,93.0,50.9,9732,53/60,30/30,10/10,0/0
2025-12-28 02:12:56,success,mistral,mistral-large-latest,code_quality_005,Code Smells Audit (Tiered Difficulty),76,100,76.0,27.7,5798,46/60,20/30,10/10,0/0
2025-12-28 02:13:15,success,mistral,mistral-large-latest,ux_writing_001,Error Messages - User-Friendly Rewriting,83,100,83.0,18.7,4172,53/60,20/30,10/10,0/0
2025-12-28 02:13:35,success,mistral,mistral-large-latest,ux_writing_002,Button Labels - Context-Aware CTAs,68,100,68.0,20.0,4288,38/60,20/30,10/10,0/0
2025-12-28 02:14:00,success,mistral,mistral-large-latest,ux_writing_003,Onboarding Flow - 3-Step Tutorial,90,100,90.0,24.6,4645,60/60,20/30,10/10,0/0
2025-12-28 02:14:22,success,mistral,mistral-large-latest,ux_writing_004,Accessibility Labels - ARIA for Screen Readers,90,100,90.0,22.6,5257,60/60,20/30,10/10,0/0
2025-12-28 02:14:49,success,mistral,mistral-large-latest,ux_writing_005,Microcopy Audit - Health App Context,90,100,90.0,26.4,5696,60/60,20/30,10/10,0/0
