asset_id,asset_name,error_detection,execution_time,expertise,formatting,max_score,model,percentage,provider,response_length,solution_quality,status,timestamp,total_score,consistency,tier,Cultural Fit,Language Proficiency
code_quality_001,WCAG 2.2 Audit (Tiered Difficulty),60.0/60,0.0,0/0,10.0/10,100.0,mistral-large-latest,100.0,mistral,10874,30.0/30,success,2026-01-17T17:18:34.459227,100.0,,Tier 1 (Undefined),,
code_quality_002,Security Audit (Tiered Difficulty),46.0/60,0.0,0/0,10.0/10,100.0,mistral-large-latest,86.0,mistral,10452,30.0/30,success,2026-01-17T17:19:38.234093,86.0,,Tier 1 (Undefined),,
code_quality_003,Web Performance Audit (Tiered Difficulty),40.0/60,0.0,0/0,10.0/10,100.0,mistral-large-latest,80.0,mistral,10332,30.0/30,success,2026-01-17T17:20:40.315312,80.0,,Tier 1 (Undefined),,
code_quality_004,REST API Design Audit (Tiered Difficulty),55.0/60,0.0,0/0,10.0/10,100.0,mistral-large-latest,85.0,mistral,12741,20.0/30,success,2026-01-17T17:21:42.059998,85.0,,Tier 1 (Undefined),,
code_quality_005,Code Smells Audit (Tiered Difficulty),40.0/60,0.0,0/0,10.0/10,100.0,mistral-large-latest,70.0,mistral,5814,20.0/30,success,2026-01-17T17:22:16.870628,70.0,,Tier 1 (Undefined),,
ux_writing_001,Error Messages - User-Friendly Rewriting,53.0/60,0.0,0/0,10.0/10,100.0,mistral-large-latest,83.0,mistral,5044,20.0/30,success,2026-01-17T17:22:54.969629,83.0,,Tier 1 (Undefined),,
ux_writing_002,Button Labels - Context-Aware CTAs,53.0/60,0.0,0/0,10.0/10,100.0,mistral-large-latest,83.0,mistral,4795,20.0/30,success,2026-01-17T17:23:23.950539,83.0,,Tier 1 (Undefined),,
ux_writing_003,Onboarding Flow - 3-Step Tutorial,60.0/60,0.0,0/0,10.0/10,100.0,mistral-large-latest,90.0,mistral,5817,20.0/30,success,2026-01-17T17:24:01.529650,90.0,,Tier 1 (Undefined),,
ux_writing_004,Accessibility Labels - ARIA for Screen Readers,45.0/60,0.0,0/0,10.0/10,100.0,mistral-large-latest,75.0,mistral,4666,20.0/30,success,2026-01-17T17:24:26.413186,75.0,,Tier 1 (Undefined),,
ux_writing_005,Microcopy Audit - Health App Context,53.0/60,0.0,0/0,10.0/10,100.0,mistral-large-latest,83.0,mistral,5952,20.0/30,success,2026-01-17T17:24:54.163152,83.0,,Tier 1 (Undefined),,
documentation_quality_001,README Quality Assessment (Tiered),54.5/100,0.0,,,130.0,mistral-large-latest,65.0,mistral,6339,30/30,success,2026-01-17T17:25:28.469323,84.5,,Tier 1 (Undefined),,
documentation_quality_002,REST API Endpoint Documentation,87.5/100,0.0,,,130.0,mistral-large-latest,90.4,mistral,17906,30/30,success,2026-01-17T17:26:57.149649,117.5,,Tier 1 (Undefined),,
documentation_quality_003,Component Library Props Documentation,62.0/100,0.0,,,130.0,mistral-large-latest,63.1,mistral,9845,20/30,success,2026-01-17T17:27:57.360191,82.0,,Tier 1 (Undefined),,
documentation_quality_004,Setup Guide - Local Dev Environment (Docker + Vite),67.75/100,0.0,,,130.0,mistral-large-latest,75.2,mistral,10963,30/30,success,2026-01-17T17:29:05.969227,97.75,,Tier 1 (Undefined),,
documentation_quality_005,Changelog - Git Commits to User-Facing Release Notes,34.0/100,0.0,,,130.0,mistral-large-latest,49.2,mistral,6755,30/30,success,2026-01-17T17:29:45.187910,64.0,,Tier 1 (Undefined),,
content_transformation_001,Landing Page Copy Transformation,20.2/40,0.0,,,100.0,mistral-large-latest,80.2,mistral,5122,60.0/60,success,2026-01-17T17:38:13.512145,80.2,,Tier 1 (Undefined),,
content_transformation_002,Twitter Thread Transformation,24.8/40,0.0,,,100.0,mistral-large-latest,84.8,mistral,5417,60.0/60,success,2026-01-17T17:38:50.371423,84.8,,Tier 1 (Undefined),,
content_transformation_003,Glossar-Eintrag Simplification,17.2/40,0.0,,,100.0,mistral-large-latest,77.2,mistral,2907,60.0/60,success,2026-01-17T17:39:09.417315,77.2,,Tier 1 (Undefined),,
content_transformation_004,Video-Script Transformation,31.6/40,0.0,,,100.0,mistral-large-latest,91.6,mistral,6286,60.0/60,success,2026-01-17T17:39:54.270177,91.6,,Tier 1 (Undefined),,
content_transformation_005,Email-Newsletter Adaptation,26.2/40,0.0,,,100.0,mistral-large-latest,86.2,mistral,5688,60.0/60,success,2026-01-17T17:40:30.210653,86.2,,Tier 1 (Undefined),,
content_transformation_006,Sarcasm Shield (Incident Report),52.5/70,0.0,,,100.0,mistral-large-latest,82.5,mistral,1737,30.0/30,success,2026-01-17T17:40:38.607723,82.5,,Tier 1 (Undefined),,
reasoning_001_river,Reasoning 001: River Crossing Puzzle,60.0/100.0,0.0,,,100.0,mistral-large-latest,83.0,mistral,8244,18.0/100.0,success,2026-01-17T17:33:22.791471,83.0,5.0/100.0,Tier 1 (Undefined),,
reasoning_5a_001,Reasoning 5A: Code Logic Debugging (Infinite Loop),40.0/100.0,0.0,,,100.0,mistral-large-latest,55.0,mistral,3393,10.0/100.0,success,2026-01-17T17:33:34.975894,55.0,5.0/100.0,Tier 2 (Deep Reasoning),,
reasoning_5b_001,Complex Reasoning Chains: Cross-Domain Root Cause,26.666666666666664/100.0,0.0,,,100.0,mistral-large-latest,51.7,mistral,4873,20.0/100.0,success,2026-01-17T17:34:13.274461,51.666666666666664,5.0/100.0,Tier 2 (Deep Reasoning),,
reasoning_5c_001,Reasoning 5C: The Scheduling Paradox (Impossible Constraint),40.0/100.0,0.0,,,100.0,mistral-large-latest,100.0,mistral,2864,50.0/100.0,success,2026-01-17T17:34:31.500528,100.0,10.0/100.0,Tier 2 (Deep Reasoning),,
reasoning_5d_001,Reasoning 5D: The Hidden Deadlock (Tier 2),40.0/100.0,0.0,,,100.0,mistral-large-latest,100.0,mistral,1314,50.0/100.0,success,2026-01-17T17:34:37.028727,100.0,10.0/100.0,Tier 1 (Undefined),,
code_quality_001,WCAG 2.2 Audit (Tiered Difficulty),56.0/60,73.1,0/0,10.0/10,100.0,mistral-medium-latest,86.0,mistral,12812,20.0/30,success,2026-01-17 17:57:31,86.0,,Tier 1 (Undefined),,
code_quality_002,Security Audit (Tiered Difficulty),60.0/60,51.1,0/0,10.0/10,100.0,mistral-medium-latest,100.0,mistral,9465,30.0/30,success,2026-01-17 17:58:23,100.0,,Tier 1 (Undefined),,
code_quality_003,Web Performance Audit (Tiered Difficulty),40.0/60,51.6,0/0,10.0/10,100.0,mistral-medium-latest,80.0,mistral,9590,30.0/30,success,2026-01-17 17:59:14,80.0,,Tier 1 (Undefined),,
code_quality_004,REST API Design Audit (Tiered Difficulty),50.0/60,73.7,0/0,10.0/10,100.0,mistral-medium-latest,80.0,mistral,15286,20.0/30,success,2026-01-17 18:00:28,80.0,,Tier 1 (Undefined),,
code_quality_005,Code Smells Audit (Tiered Difficulty),50.0/60,35.3,0/0,10.0/10,100.0,mistral-medium-latest,80.0,mistral,6443,20.0/30,success,2026-01-17 18:01:03,80.0,,Tier 1 (Undefined),,
ux_writing_001,Error Messages - User-Friendly Rewriting,53.0/60,28.1,0/0,10.0/10,100.0,mistral-medium-latest,83.0,mistral,4981,20.0/30,success,2026-01-17 18:01:31,83.0,,Tier 1 (Undefined),,
ux_writing_002,Button Labels - Context-Aware CTAs,45.0/60,25.0,0/0,10.0/10,100.0,mistral-medium-latest,75.0,mistral,4255,20.0/30,success,2026-01-17 18:01:56,75.0,,Tier 1 (Undefined),,
ux_writing_003,Onboarding Flow - 3-Step Tutorial,60.0/60,32.8,0/0,10.0/10,100.0,mistral-medium-latest,90.0,mistral,4745,20.0/30,success,2026-01-17 18:02:29,90.0,,Tier 1 (Undefined),,
ux_writing_004,Accessibility Labels - ARIA for Screen Readers,60.0/60,27.7,0/0,10.0/10,100.0,mistral-medium-latest,90.0,mistral,4523,20.0/30,success,2026-01-17 18:02:57,90.0,,Tier 1 (Undefined),,
ux_writing_005,Microcopy Audit - Health App Context,60.0/60,32.3,0/0,10.0/10,100.0,mistral-medium-latest,90.0,mistral,5743,20.0/30,success,2026-01-17 18:03:29,90.0,,Tier 1 (Undefined),,
documentation_quality_001,README Quality Assessment (Tiered),50.5/100,30.5,,,130.0,mistral-medium-latest,61.9,mistral,5660,30/30,success,2026-01-17 18:04:00,80.5,,Tier 1 (Undefined),,
documentation_quality_002,REST API Endpoint Documentation,68.5/100,77.3,,,130.0,mistral-medium-latest,75.8,mistral,14425,30/30,success,2026-01-17 18:05:17,98.5,,Tier 1 (Undefined),,
documentation_quality_003,Component Library Props Documentation,55.5/100,60.0,,,130.0,mistral-medium-latest,58.1,mistral,11908,20/30,success,2026-01-17 18:06:17,75.5,,Tier 1 (Undefined),,
documentation_quality_004,Setup Guide - Local Dev Environment (Docker + Vite),66.75/100,78.0,,,130.0,mistral-medium-latest,74.4,mistral,13072,30/30,success,2026-01-17 18:07:35,96.75,,Tier 1 (Undefined),,
documentation_quality_005,Changelog - Git Commits to User-Facing Release Notes,39.0/100,44.7,,,130.0,mistral-medium-latest,53.1,mistral,8201,30/30,success,2026-01-17 18:08:20,69.0,,Tier 1 (Undefined),,
content_transformation_001,Landing Page Copy Transformation,18.2/40,27.8,,,100.0,mistral-medium-latest,78.2,mistral,4320,60.0/60,success,2026-01-17 18:08:48,78.2,,Tier 1 (Undefined),,
content_transformation_002,Twitter Thread Transformation,27.2/40,43.3,,,100.0,mistral-medium-latest,87.2,mistral,5369,60.0/60,success,2026-01-17 18:09:31,87.2,,Tier 1 (Undefined),,
content_transformation_003,Glossar-Eintrag Simplification,14.8/40,21.7,,,100.0,mistral-medium-latest,74.8,mistral,3256,60.0/60,success,2026-01-17 18:09:53,74.8,,Tier 1 (Undefined),,
content_transformation_004,Video-Script Transformation,32.0/40,55.9,,,100.0,mistral-medium-latest,92.0,mistral,7419,60.0/60,success,2026-01-17 18:10:49,92.0,,Tier 1 (Undefined),,
content_transformation_005,Email-Newsletter Adaptation,16.8/40,30.1,,,100.0,mistral-medium-latest,76.8,mistral,5071,60.0/60,success,2026-01-17 18:11:19,76.8,,Tier 1 (Undefined),,
content_transformation_006,Sarcasm Shield (Incident Report),62.5/70,7.6,,,100.0,mistral-medium-latest,92.5,mistral,1789,30.0/30,success,2026-01-17 18:11:27,92.5,,Tier 1 (Undefined),,
reasoning_001_river,Reasoning 001: River Crossing Puzzle,60.0/100.0,28.9,,,100.0,mistral-medium-latest,78.0,mistral,7906,18.0/100.0,success,2026-01-17 18:11:55,78.0,0.0/100.0,Tier 1 (Undefined),,
reasoning_5a_001,Reasoning 5A: Code Logic Debugging (Infinite Loop),33.333333333333336/100.0,10.5,,,100.0,mistral-medium-latest,48.3,mistral,3021,10.0/100.0,success,2026-01-17 18:12:06,48.333333333333336,5.0/100.0,Tier 2 (Deep Reasoning),,
reasoning_5b_001,Complex Reasoning Chains: Cross-Domain Root Cause,40.0/100.0,35.8,,,100.0,mistral-medium-latest,80.0,mistral,6257,30.0/100.0,success,2026-01-17 18:12:42,80.0,10.0/100.0,Tier 2 (Deep Reasoning),,
reasoning_5c_001,Reasoning 5C: The Scheduling Paradox (Impossible Constraint),40.0/100.0,16.2,,,100.0,mistral-medium-latest,100.0,mistral,2645,50.0/100.0,success,2026-01-17 18:12:58,100.0,10.0/100.0,Tier 2 (Deep Reasoning),,
reasoning_5d_001,Reasoning 5D: The Hidden Deadlock (Tier 2),40.0/100.0,4.6,,,100.0,mistral-medium-latest,100.0,mistral,1120,50.0/100.0,success,2026-01-17 18:13:03,100.0,10.0/100.0,Tier 1 (Undefined),,
code_quality_001,WCAG 2.2 Audit (Tiered Difficulty),44.0/60,59.9,0/0,10.0/10,100.0,mistral-large-latest,74.0,mistral,9716,20.0/30,success,2026-01-17 18:14:28,74.0,,Tier 1 (Undefined),,
code_quality_002,Security Audit (Tiered Difficulty),56.0/60,56.9,0/0,10.0/10,100.0,mistral-large-latest,96.0,mistral,9081,30.0/30,success,2026-01-17 18:15:25,96.0,,Tier 1 (Undefined),,
code_quality_003,Web Performance Audit (Tiered Difficulty),40.0/60,60.1,0/0,10.0/10,100.0,mistral-large-latest,70.0,mistral,10594,20.0/30,success,2026-01-17 18:16:25,70.0,,Tier 1 (Undefined),,
code_quality_004,REST API Design Audit (Tiered Difficulty),45.0/60,74.1,0/0,10.0/10,100.0,mistral-large-latest,75.0,mistral,13486,20.0/30,success,2026-01-17 18:17:40,75.0,,Tier 1 (Undefined),,
code_quality_005,Code Smells Audit (Tiered Difficulty),45.0/60,30.9,0/0,10.0/10,100.0,mistral-large-latest,85.0,mistral,5823,30.0/30,success,2026-01-17 18:18:10,85.0,,Tier 1 (Undefined),,
ux_writing_001,Error Messages - User-Friendly Rewriting,53.0/60,27.2,0/0,10.0/10,100.0,mistral-large-latest,83.0,mistral,4858,20.0/30,success,2026-01-17 18:18:38,83.0,,Tier 1 (Undefined),,
ux_writing_002,Button Labels - Context-Aware CTAs,45.0/60,27.2,0/0,10.0/10,100.0,mistral-large-latest,75.0,mistral,3962,20.0/30,success,2026-01-17 18:19:05,75.0,,Tier 1 (Undefined),,
ux_writing_003,Onboarding Flow - 3-Step Tutorial,60.0/60,37.0,0/0,10.0/10,100.0,mistral-large-latest,90.0,mistral,4532,20.0/30,success,2026-01-17 18:19:42,90.0,,Tier 1 (Undefined),,
ux_writing_004,Accessibility Labels - ARIA for Screen Readers,45.0/60,19.5,0/0,10.0/10,100.0,mistral-large-latest,75.0,mistral,4485,20.0/30,success,2026-01-17 18:20:02,75.0,,Tier 1 (Undefined),,
ux_writing_005,Microcopy Audit - Health App Context,60.0/60,26.9,0/0,10.0/10,100.0,mistral-large-latest,90.0,mistral,5405,20.0/30,success,2026-01-17 18:20:29,90.0,,Tier 1 (Undefined),,
documentation_quality_001,README Quality Assessment (Tiered),41.25/100,47.5,,,130.0,mistral-large-latest,54.8,mistral,8214,30/30,success,2026-01-17 18:21:16,71.25,,Tier 1 (Undefined),,
documentation_quality_002,REST API Endpoint Documentation,68.5/100,72.3,,,130.0,mistral-large-latest,75.8,mistral,12846,30/30,success,2026-01-17 18:22:28,98.5,,Tier 1 (Undefined),,
documentation_quality_003,Component Library Props Documentation,55.5/100,48.2,,,130.0,mistral-large-latest,58.1,mistral,10203,20/30,success,2026-01-17 18:23:17,75.5,,Tier 1 (Undefined),,
documentation_quality_004,Setup Guide - Local Dev Environment (Docker + Vite),69.75/100,53.9,,,130.0,mistral-large-latest,76.7,mistral,10666,30/30,success,2026-01-17 18:24:11,99.75,,Tier 1 (Undefined),,
documentation_quality_005,Changelog - Git Commits to User-Facing Release Notes,47.0/100,37.5,,,130.0,mistral-large-latest,59.2,mistral,7175,30/30,success,2026-01-17 18:24:48,77.0,,Tier 1 (Undefined),,
content_transformation_001,Landing Page Copy Transformation,20.2/40,27.2,,,100.0,mistral-large-latest,80.2,mistral,4752,60.0/60,success,2026-01-17 18:25:15,80.2,,Tier 1 (Undefined),,
content_transformation_002,Twitter Thread Transformation,22.8/40,28.1,,,100.0,mistral-large-latest,82.8,mistral,4363,60.0/60,success,2026-01-17 18:25:44,82.8,,Tier 1 (Undefined),,
content_transformation_003,Glossar-Eintrag Simplification,19.2/40,18.9,,,100.0,mistral-large-latest,79.2,mistral,3050,60.0/60,success,2026-01-17 18:26:03,79.2,,Tier 1 (Undefined),,
content_transformation_004,Video-Script Transformation,32.0/40,52.0,,,100.0,mistral-large-latest,92.0,mistral,7803,60.0/60,success,2026-01-17 18:26:55,92.0,,Tier 1 (Undefined),,
content_transformation_005,Email-Newsletter Adaptation,22.2/40,30.8,,,100.0,mistral-large-latest,82.2,mistral,5058,60.0/60,success,2026-01-17 18:27:25,82.2,,Tier 1 (Undefined),,
content_transformation_006,Sarcasm Shield (Incident Report),52.5/70,9.5,,,100.0,mistral-large-latest,82.5,mistral,2110,30.0/30,success,2026-01-17 18:27:35,82.5,,Tier 1 (Undefined),,
reasoning_001_river,Reasoning 001: River Crossing Puzzle,60.0/100.0,46.9,,,100.0,mistral-large-latest,78.0,mistral,9303,18.0/100.0,success,2026-01-17 18:28:22,78.0,0.0/100.0,Tier 1 (Undefined),,
reasoning_5a_001,Reasoning 5A: Code Logic Debugging (Infinite Loop),26.666666666666664/100.0,10.1,,,100.0,mistral-large-latest,41.7,mistral,3028,10.0/100.0,success,2026-01-17 18:28:32,41.666666666666664,5.0/100.0,Tier 2 (Deep Reasoning),,
reasoning_5b_001,Complex Reasoning Chains: Cross-Domain Root Cause,26.666666666666664/100.0,34.4,,,100.0,mistral-large-latest,61.7,mistral,6184,30.0/100.0,success,2026-01-17 18:29:06,61.666666666666664,5.0/100.0,Tier 2 (Deep Reasoning),,
reasoning_5c_001,Reasoning 5C: The Scheduling Paradox (Impossible Constraint),15.0/100.0,14.6,,,100.0,mistral-large-latest,15.0,mistral,2109,0.0/100.0,success,2026-01-17 18:29:21,15.0,0.0/100.0,Tier 2 (Deep Reasoning),,
reasoning_5d_001,Reasoning 5D: The Hidden Deadlock (Tier 2),40.0/100.0,9.1,,,100.0,mistral-large-latest,100.0,mistral,1156,50.0/100.0,success,2026-01-17 18:29:30,100.0,10.0/100.0,Tier 1 (Undefined),,
code_quality_001,WCAG 2.2 Audit (Tiered Difficulty),51.0/60,48.8,0/0,10.0/10,100,mistral-medium-latest,81.0,mistral,9604,20.0/30,success,2026-01-18 11:40:09,81.0,,Tier 1 (Undefined),,
code_quality_002,Security Audit (Tiered Difficulty),46.0/60,45.6,0/0,10.0/10,100,mistral-medium-latest,86.0,mistral,9455,30.0/30,success,2026-01-18 11:40:55,86.0,,Tier 1 (Undefined),,
code_quality_003,Web Performance Audit (Tiered Difficulty),40.0/60,41.0,0/0,10.0/10,100,mistral-medium-latest,70.0,mistral,8415,20.0/30,success,2026-01-18 11:41:36,70.0,,Tier 1 (Undefined),,
code_quality_004,REST API Design Audit (Tiered Difficulty),50.0/60,50.8,0/0,10.0/10,100,mistral-medium-latest,80.0,mistral,11721,20.0/30,success,2026-01-18 11:42:27,80.0,,Tier 1 (Undefined),,
code_quality_005,Code Smells Audit (Tiered Difficulty),55.0/60,31.8,0/0,10.0/10,100,mistral-medium-latest,95.0,mistral,7397,30.0/30,success,2026-01-18 11:42:59,95.0,,Tier 1 (Undefined),,
ux_writing_001,Error Messages - User-Friendly Rewriting,45.0/60,22.6,0/0,10.0/10,100,mistral-medium-latest,75.0,mistral,4950,20.0/30,success,2026-01-18 11:43:22,75.0,,Tier 1 (Undefined),,
ux_writing_002,Button Labels - Context-Aware CTAs,38.0/60,23.0,0/0,10.0/10,100,mistral-medium-latest,68.0,mistral,5032,20.0/30,success,2026-01-18 11:43:45,68.0,,Tier 1 (Undefined),,
ux_writing_003,Onboarding Flow - 3-Step Tutorial,60.0/60,30.8,0/0,10.0/10,100,mistral-medium-latest,90.0,mistral,6168,20.0/30,success,2026-01-18 11:44:16,90.0,,Tier 1 (Undefined),,
ux_writing_004,Accessibility Labels - ARIA for Screen Readers,60.0/60,997.0,0/0,10.0/10,100,mistral-medium-latest,90.0,mistral,4957,20.0/30,success,2026-01-18 12:00:52,90.0,,Tier 1 (Undefined),,
ux_writing_005,Microcopy Audit - Health App Context,60.0/60,2853.9,0/0,10.0/10,100,mistral-medium-latest,90.0,mistral,5391,20.0/30,success,2026-01-18 12:48:26,90.0,,Tier 1 (Undefined),,
code_quality_001,WCAG 2.2 Audit (Tiered Difficulty),51.0/60,48.83368492126465,0/0,10.0/10,100,mistral-medium-latest,81.0,mistral,9604,20.0/30,success,2026-01-18T11:40:09.984047,81.0,,,,
code_quality_002,Security Audit (Tiered Difficulty),46.0/60,45.592854022979736,0/0,10.0/10,100,mistral-medium-latest,86.0,mistral,9455,30.0/30,success,2026-01-18T11:40:55.601608,86.0,,,,
code_quality_003,Web Performance Audit (Tiered Difficulty),40.0/60,41.00254583358765,0/0,10.0/10,100,mistral-medium-latest,70.0,mistral,8415,20.0/30,success,2026-01-18T11:41:36.629692,70.0,,,,
code_quality_004,REST API Design Audit (Tiered Difficulty),50.0/60,50.802302837371826,0/0,10.0/10,100,mistral-medium-latest,80.0,mistral,11721,20.0/30,success,2026-01-18T11:42:27.457473,80.0,,,,
code_quality_005,Code Smells Audit (Tiered Difficulty),55.0/60,31.82983899116516,0/0,10.0/10,100,mistral-medium-latest,95.0,mistral,7397,30.0/30,success,2026-01-18T11:42:59.304082,95.0,,,,
ux_writing_001,Error Messages - User-Friendly Rewriting,45.0/60,22.557459831237793,0/0,10.0/10,100,mistral-medium-latest,75.0,mistral,4950,20.0/30,success,2026-01-18T11:43:22.137730,75.0,,,,
ux_writing_002,Button Labels - Context-Aware CTAs,38.0/60,23.01542615890503,0/0,10.0/10,100,mistral-medium-latest,68.0,mistral,5032,20.0/30,success,2026-01-18T11:43:45.177928,68.0,,,,
ux_writing_003,Onboarding Flow - 3-Step Tutorial,60.0/60,30.806802988052368,0/0,10.0/10,100,mistral-medium-latest,90.0,mistral,6168,20.0/30,success,2026-01-18T11:44:16.000405,90.0,,,,
ux_writing_004,Accessibility Labels - ARIA for Screen Readers,60.0/60,996.9584469795227,0/0,10.0/10,100,mistral-medium-latest,90.0,mistral,4957,20.0/30,success,2026-01-18T12:00:52.982442,90.0,,,,
ux_writing_005,Microcopy Audit - Health App Context,60.0/60,2853.9021940231323,0/0,10.0/10,100,mistral-medium-latest,90.0,mistral,5391,20.0/30,success,2026-01-18T12:48:26.907206,90.0,,,,
documentation_quality_001,README Quality Assessment (Tiered),60.75/100,5685.966628789902,,,130,mistral-medium-latest,69.8,mistral,6472,30/30,success,2026-01-18T14:23:12.931774,90.75,,,,
documentation_quality_002,REST API Endpoint Documentation,0/70,0.0,,,100,mistral-medium-latest,0.0,mistral,42,0/30,error,2026-01-18T15:18:09.981708,0,,,,
documentation_quality_003,Component Library Props Documentation,50.0/100,395.213504076004,,,130,mistral-medium-latest,53.8,mistral,10982,20/30,success,2026-01-18T15:24:45.227193,70.0,,,,
documentation_quality_004,Setup Guide - Local Dev Environment (Docker + Vite),69.75/100,53.9372673034668,,,130,mistral-medium-latest,76.7,mistral,10666,30/30,success,2026-01-17T18:24:11.114253,99.75,,,,
documentation_quality_005,Changelog - Git Commits to User-Facing Release Notes,47.0/100,37.537720918655396,,,130,mistral-medium-latest,59.2,mistral,7175,30/30,success,2026-01-17T18:24:48.684982,77.0,,,,
content_transformation_001,Landing Page Copy Transformation,20.2/40,27.18536114692688,,,100,mistral-medium-latest,80.2,mistral,4752,60.0/60,success,2026-01-17T18:25:15.920643,80.2,,,,
content_transformation_002,Twitter Thread Transformation,22.8/40,28.131014823913574,,,100,mistral-medium-latest,82.8,mistral,4363,60.0/60,success,2026-01-17T18:25:44.085412,82.8,,,,
content_transformation_003,Glossar-Eintrag Simplification,19.2/40,18.898308277130127,,,100,mistral-medium-latest,79.2,mistral,3050,60.0/60,success,2026-01-17T18:26:03.017282,79.2,,,,
content_transformation_004,Video-Script Transformation,32.0/40,52.00378704071045,,,100,mistral-medium-latest,92.0,mistral,7803,60.0/60,success,2026-01-17T18:26:55.042806,92.0,,,,
content_transformation_005,Email-Newsletter Adaptation,22.2/40,30.812719106674194,,,100,mistral-medium-latest,82.2,mistral,5058,60.0/60,success,2026-01-17T18:27:25.877842,82.2,,,,
content_transformation_006,Sarcasm Shield (Incident Report),52.5/70,9.498228788375854,,,100,mistral-medium-latest,82.5,mistral,2110,30.0/30,success,2026-01-17T18:27:35.390935,82.5,,,,
reasoning_001_river,Reasoning 001: River Crossing Puzzle,60.0/100.0,46.863441944122314,,,100.0,mistral-medium-latest,78.0,mistral,9303,18.0/100.0,success,2026-01-17T18:28:22.290954,78.0,0.0/100.0,,,
reasoning_5a_001,Reasoning 5A: Code Logic Debugging (Infinite Loop),26.666666666666664/100.0,10.070310115814209,,,100.0,mistral-medium-latest,41.7,mistral,3028,10.0/100.0,success,2026-01-17T18:28:32.370627,41.666666666666664,5.0/100.0,,,
reasoning_5b_001,Complex Reasoning Chains: Cross-Domain Root Cause,26.666666666666664/100.0,34.39738488197327,,,100.0,mistral-medium-latest,61.7,mistral,6184,30.0/100.0,success,2026-01-17T18:29:06.777670,61.666666666666664,5.0/100.0,,,
reasoning_5c_001,Reasoning 5C: The Scheduling Paradox (Impossible Constraint),15.0/100.0,14.58749008178711,,,100.0,mistral-medium-latest,15.0,mistral,2109,0.0/100.0,success,2026-01-17T18:29:21.371554,15.0,0.0/100.0,,,
reasoning_5d_001,Reasoning 5D: The Hidden Deadlock (Tier 2),40.0/100.0,9.060707807540894,,,100.0,mistral-medium-latest,100.0,mistral,1156,50.0/100.0,success,2026-01-17T18:29:30.442720,100.0,10.0/100.0,,,
code_quality_001,WCAG 2.2 Audit (Tiered Difficulty),48.0/60,43.6,0/0,10.0/10,100,mistral-large-latest,88.0,mistral,8134,30.0/30,success,2026-01-18 16:41:51,88.0,,Tier 1 (Undefined),,
code_quality_002,Security Audit (Tiered Difficulty),46.0/60,40.0,0/0,10.0/10,100,mistral-large-latest,76.0,mistral,8227,20.0/30,success,2026-01-18 16:42:31,76.0,,Tier 1 (Undefined),,
code_quality_003,Web Performance Audit (Tiered Difficulty),30.0/60,44.7,0/0,10.0/10,100,mistral-large-latest,60.0,mistral,9324,20.0/30,success,2026-01-18 16:43:16,60.0,,Tier 1 (Undefined),,
code_quality_004,REST API Design Audit (Tiered Difficulty),50.0/60,47.5,0/0,10.0/10,100,mistral-large-latest,80.0,mistral,10229,20.0/30,success,2026-01-18 16:44:04,80.0,,Tier 1 (Undefined),,
code_quality_005,Code Smells Audit (Tiered Difficulty),40.0/60,29.3,0/0,10.0/10,100,mistral-large-latest,70.0,mistral,6340,20.0/30,success,2026-01-18 16:44:33,70.0,,Tier 1 (Undefined),,
ux_writing_001,Error Messages - User-Friendly Rewriting,53.0/60,25.8,0/0,10.0/10,100,mistral-large-latest,83.0,mistral,5208,20.0/30,success,2026-01-18 16:44:59,83.0,,Tier 1 (Undefined),,
ux_writing_002,Button Labels - Context-Aware CTAs,53.0/60,21.9,0/0,10.0/10,100,mistral-large-latest,83.0,mistral,4714,20.0/30,success,2026-01-18 16:45:21,83.0,,Tier 1 (Undefined),,
ux_writing_003,Onboarding Flow - 3-Step Tutorial,53.0/60,29.8,0/0,10.0/10,100,mistral-large-latest,83.0,mistral,5293,20.0/30,success,2026-01-18 16:45:51,83.0,,Tier 1 (Undefined),,
ux_writing_004,Accessibility Labels - ARIA for Screen Readers,60.0/60,19.7,0/0,10.0/10,100,mistral-large-latest,90.0,mistral,4871,20.0/30,success,2026-01-18 16:46:10,90.0,,Tier 1 (Undefined),,
ux_writing_005,Microcopy Audit - Health App Context,53.0/60,26.0,0/0,10.0/10,100,mistral-large-latest,83.0,mistral,5575,20.0/30,success,2026-01-18 16:46:36,83.0,,Tier 1 (Undefined),,
documentation_quality_001,README Quality Assessment (Tiered),55.25/100,42.2,,,130,mistral-large-latest,65.6,mistral,8417,30/30,success,2026-01-18 16:47:19,85.25,,Tier 1 (Undefined),,
documentation_quality_002,REST API Endpoint Documentation,88.0/100,68.8,,,130,mistral-large-latest,90.8,mistral,14607,30/30,success,2026-01-18 16:48:28,118.0,,Tier 1 (Undefined),,
documentation_quality_003,Component Library Props Documentation,56.0/100,44.5,,,130,mistral-large-latest,58.5,mistral,9431,20/30,success,2026-01-18 16:49:12,76.0,,Tier 1 (Undefined),,
documentation_quality_004,Setup Guide - Local Dev Environment (Docker + Vite),67.75/100,67.5,,,130,mistral-large-latest,75.2,mistral,14962,30/30,success,2026-01-18 16:50:20,97.75,,Tier 1 (Undefined),,
documentation_quality_005,Changelog - Git Commits to User-Facing Release Notes,39.0/100,39.6,,,130,mistral-large-latest,53.1,mistral,7429,30/30,success,2026-01-18 16:50:59,69.0,,Tier 1 (Undefined),,
content_transformation_001,Landing Page Copy Transformation,24.6/40,29.8,,,100,mistral-large-latest,84.6,mistral,5654,60.0/60,success,2026-01-18 16:51:29,84.6,,Tier 1 (Undefined),,
content_transformation_002,Twitter Thread Transformation,25.2/40,33.3,,,100,mistral-large-latest,85.2,mistral,5370,60.0/60,success,2026-01-18 16:52:02,85.2,,Tier 1 (Undefined),,
content_transformation_003,Glossar-Eintrag Simplification,25.6/40,15.8,,,100,mistral-large-latest,85.6,mistral,2488,60.0/60,success,2026-01-18 16:52:18,85.6,,Tier 1 (Undefined),,
content_transformation_004,Video-Script Transformation,36.0/40,58.3,,,100,mistral-large-latest,96.0,mistral,8924,60.0/60,success,2026-01-18 16:53:17,96.0,,Tier 1 (Undefined),,
content_transformation_005,Email-Newsletter Adaptation,8.0/40,31.7,,,100,mistral-large-latest,68.0,mistral,5303,60.0/60,success,2026-01-18 16:53:48,68.0,,Tier 1 (Undefined),,
content_transformation_006,Sarcasm Shield (Incident Report),45.0/70,8.8,,,100,mistral-large-latest,75.0,mistral,2029,30.0/30,success,2026-01-18 16:53:57,75.0,,Tier 1 (Undefined),,
reasoning_001_river,Reasoning 001: River Crossing Puzzle,60.0/100.0,36.2,,,100.0,mistral-large-latest,78.0,mistral,10149,18.0/100.0,success,2026-01-18 16:54:34,78.0,0.0/100.0,Tier 1 (Operational Logic),,
reasoning_5a_001,Reasoning 5A: Code Logic Debugging (Infinite Loop),26.666666666666664/100.0,8.9,,,100.0,mistral-large-latest,41.7,mistral,2921,10.0/100.0,success,2026-01-18 16:54:43,41.666666666666664,5.0/100.0,Tier 2 (Deep Reasoning),,
reasoning_5b_001,Complex Reasoning Chains: Cross-Domain Root Cause,26.666666666666664/100.0,33.3,,,100.0,mistral-large-latest,61.7,mistral,6019,30.0/100.0,success,2026-01-18 16:55:16,61.666666666666664,5.0/100.0,Tier 2 (Deep Reasoning),,
reasoning_5c_001,Reasoning 5C: The Scheduling Paradox (Impossible Constraint),40.0/100.0,14.8,,,100.0,mistral-large-latest,100.0,mistral,3131,50.0/100.0,success,2026-01-18 16:55:31,100.0,10.0/100.0,Tier 2 (Deep Reasoning),,
reasoning_5d_001,Reasoning 5D: The Hidden Deadlock (Tier 2),40.0/100.0,4.4,,,100.0,mistral-large-latest,100.0,mistral,1102,50.0/100.0,success,2026-01-18 16:55:35,100.0,10.0/100.0,Tier 2 (Deep Reasoning),,
code_quality_001,WCAG 2.2 Audit (Tiered Difficulty),49.0/60,50.4,0/0,10.0/10,100,mistral-medium-latest,89.0,mistral,9804,30.0/30,success,2026-01-18 17:51:21,89.0,,Tier 1 (Undefined),,
code_quality_002,Security Audit (Tiered Difficulty),42.0/60,45.6,0/0,10.0/10,100,mistral-medium-latest,82.0,mistral,9608,30.0/30,success,2026-01-18 17:52:07,82.0,,Tier 1 (Undefined),,
code_quality_003,Web Performance Audit (Tiered Difficulty),40.0/60,37.4,0/0,10.0/10,100,mistral-medium-latest,80.0,mistral,7875,30.0/30,success,2026-01-18 17:52:44,80.0,,Tier 1 (Undefined),,
code_quality_004,REST API Design Audit (Tiered Difficulty),45.0/60,48.0,0/0,10.0/10,100,mistral-medium-latest,75.0,mistral,11038,20.0/30,success,2026-01-18 17:53:32,75.0,,Tier 1 (Undefined),,
code_quality_005,Code Smells Audit (Tiered Difficulty),45.0/60,24.6,0/0,10.0/10,100,mistral-medium-latest,75.0,mistral,5427,20.0/30,success,2026-01-18 17:53:57,75.0,,Tier 1 (Undefined),,
ux_writing_001,Error Messages - User-Friendly Rewriting,45.0/60,22.7,0/0,10.0/10,100,mistral-medium-latest,75.0,mistral,5016,20.0/30,success,2026-01-18 17:54:20,75.0,,Tier 1 (Undefined),,
ux_writing_002,Button Labels - Context-Aware CTAs,52.0/60,20.3,0/0,10.0/10,100,mistral-medium-latest,82.0,mistral,4688,20.0/30,success,2026-01-18 17:54:40,82.0,,Tier 1 (Undefined),,
ux_writing_003,Onboarding Flow - 3-Step Tutorial,60.0/60,27.5,0/0,10.0/10,100,mistral-medium-latest,90.0,mistral,5428,20.0/30,success,2026-01-18 17:55:08,90.0,,Tier 1 (Undefined),,
ux_writing_004,Accessibility Labels - ARIA for Screen Readers,45.0/60,18.1,0/0,10.0/10,100,mistral-medium-latest,75.0,mistral,4674,20.0/30,success,2026-01-18 17:55:26,75.0,,Tier 1 (Undefined),,
ux_writing_005,Microcopy Audit - Health App Context,53.0/60,22.6,0/0,10.0/10,100,mistral-medium-latest,83.0,mistral,5202,20.0/30,success,2026-01-18 17:55:48,83.0,,Tier 1 (Undefined),,
documentation_quality_001,README Quality Assessment (Tiered),60.75/100,35.8,,,130,mistral-medium-latest,69.8,mistral,7299,30/30,success,2026-01-18 17:56:24,90.75,,Tier 1 (Undefined),,
documentation_quality_002,REST API Endpoint Documentation,81.5/100,53.6,,,130,mistral-medium-latest,85.8,mistral,11709,30/30,success,2026-01-18 17:57:18,111.5,,Tier 1 (Undefined),,
documentation_quality_003,Component Library Props Documentation,68.0/100,58.4,,,130,mistral-medium-latest,67.7,mistral,13661,20/30,success,2026-01-18 17:58:16,88.0,,Tier 1 (Undefined),,
documentation_quality_004,Setup Guide - Local Dev Environment (Docker + Vite),73.75/100,51.4,,,130,mistral-medium-latest,79.8,mistral,11174,30/30,success,2026-01-18 17:59:08,103.75,,Tier 1 (Undefined),,
documentation_quality_005,Changelog - Git Commits to User-Facing Release Notes,38.0/100,39.0,,,130,mistral-medium-latest,52.3,mistral,7663,30/30,success,2026-01-18 17:59:47,68.0,,Tier 1 (Undefined),,
content_transformation_001,Landing Page Copy Transformation,22.6/40,20.7,,,100,mistral-medium-latest,82.6,mistral,3710,60.0/60,success,2026-01-18 18:00:08,82.6,,Tier 1 (Undefined),,
content_transformation_002,Twitter Thread Transformation,23.2/40,25.0,,,100,mistral-medium-latest,83.2,mistral,4061,60.0/60,success,2026-01-18 18:00:33,83.2,,Tier 1 (Undefined),,
content_transformation_003,Glossar-Eintrag Simplification,19.2/40,18.1,,,100,mistral-medium-latest,79.2,mistral,2774,60.0/60,success,2026-01-18 18:00:51,79.2,,Tier 1 (Undefined),,
content_transformation_004,Video-Script Transformation,32.0/40,52.6,,,100,mistral-medium-latest,92.0,mistral,8490,60.0/60,success,2026-01-18 18:01:43,92.0,,Tier 1 (Undefined),,
content_transformation_005,Email-Newsletter Adaptation,24.2/40,31.1,,,100,mistral-medium-latest,84.2,mistral,5665,60.0/60,success,2026-01-18 18:02:15,84.2,,Tier 1 (Undefined),,
content_transformation_006,Sarcasm Shield (Incident Report),45.0/70,10.6,,,100,mistral-medium-latest,75.0,mistral,2676,30.0/30,success,2026-01-18 18:02:25,75.0,,Tier 1 (Undefined),,
reasoning_001_river,Reasoning 001: River Crossing Puzzle,60.0/100.0,32.1,,,100.0,mistral-medium-latest,78.0,mistral,9646,18.0/100.0,success,2026-01-18 18:02:57,78.0,0.0/100.0,Tier 1 (Operational Logic),,
reasoning_5a_001,Reasoning 5A: Code Logic Debugging (Infinite Loop),26.666666666666664/100.0,9.0,,,100.0,mistral-medium-latest,41.7,mistral,2807,10.0/100.0,success,2026-01-18 18:03:06,41.666666666666664,5.0/100.0,Tier 2 (Deep Reasoning),,
reasoning_5b_001,Complex Reasoning Chains: Cross-Domain Root Cause,26.666666666666664/100.0,31.6,,,100.0,mistral-medium-latest,61.7,mistral,5735,30.0/100.0,success,2026-01-18 18:03:38,61.666666666666664,5.0/100.0,Tier 2 (Deep Reasoning),,
reasoning_5c_001,Reasoning 5C: The Scheduling Paradox (Impossible Constraint),40.0/100.0,12.0,,,100.0,mistral-medium-latest,100.0,mistral,2645,50.0/100.0,success,2026-01-18 18:03:50,100.0,10.0/100.0,Tier 2 (Deep Reasoning),,
reasoning_5d_001,Reasoning 5D: The Hidden Deadlock (Tier 2),40.0/100.0,3.5,,,100.0,mistral-medium-latest,100.0,mistral,839,50.0/100.0,success,2026-01-18 18:03:54,100.0,10.0/100.0,Tier 2 (Deep Reasoning),,
cultural_intel_001,German Tech Localization,,0.0,,,100,mistral-medium-latest,0.0,mistral,91,,success,2026-01-18 22:27:26,0,,Tier 1 (Undefined),0/100,0/100
cultural_intel_002,Inclusive Job Ad,,0.0,,,100,mistral-medium-latest,0.0,mistral,91,,success,2026-01-18 22:27:26,0,,Tier 1 (Undefined),0/100,0/100
cultural_intel_003,Berlin Agency Vibe,,0.0,,,100,mistral-medium-latest,0.0,mistral,91,,success,2026-01-18 22:27:26,0,,Tier 1 (Undefined),0/100,0/100
cultural_intel_001,German Tech Localization,,2.5,,,100,mistral-medium-latest,100.0,mistral,446,,success,2026-01-18 22:28:56,100,,Tier 1 (Undefined),100/100,100/100
cultural_intel_002,Inclusive Job Ad,,4.9,,,100,mistral-medium-latest,70.0,mistral,893,,success,2026-01-18 22:29:01,70,,Tier 1 (Undefined),70/100,70/100
cultural_intel_003,Berlin Agency Vibe,,6.7,,,100,mistral-medium-latest,100.0,mistral,987,,success,2026-01-18 22:29:08,100,,Tier 1 (Undefined),100/100,100/100
cultural_intel_001,German Tech Localization,,4.2,,,100,mistral-medium-latest,75.0,mistral,893,,success,2026-01-18 22:35:41,75,,Tier 1 (Undefined),75/100,75/100
cultural_intel_002,Inclusive Job Ad,,17.9,,,100,mistral-medium-latest,0.0,mistral,3609,,success,2026-01-18 22:35:59,0,,Tier 1 (Undefined),0/100,0/100
cultural_intel_003,Berlin Agency Vibe,,8.4,,,100,mistral-medium-latest,100.0,mistral,947,,success,2026-01-18 22:36:08,100,,Tier 1 (Undefined),100/100,100/100
code_quality_001,WCAG 2.2 Audit (Tiered Difficulty),44.0/60,43.5,0/0,10.0/10,100,mistral-large-latest,74.0,mistral,8661,20.0/30,success,2026-01-21 00:53:01,74.0,,Tier 1 (Undefined),,
code_quality_002,Security Audit (Tiered Difficulty),46.0/60,41.0,0/0,10.0/10,100,mistral-large-latest,86.0,mistral,8668,30.0/30,success,2026-01-21 00:53:42,86.0,,Tier 1 (Undefined),,
code_quality_003,Web Performance Audit (Tiered Difficulty),45.0/60,57.3,0/0,10.0/10,100,mistral-large-latest,85.0,mistral,12020,30.0/30,success,2026-01-21 00:54:39,85.0,,Tier 1 (Undefined),,
code_quality_004,REST API Design Audit (Tiered Difficulty),50.0/60,64.5,0/0,10.0/10,100,mistral-large-latest,80.0,mistral,15236,20.0/30,success,2026-01-21 00:55:44,80.0,,Tier 1 (Undefined),,
code_quality_005,Code Smells Audit (Tiered Difficulty),50.0/60,22.4,0/0,10.0/10,100,mistral-large-latest,90.0,mistral,4949,30.0/30,success,2026-01-21 00:56:06,90.0,,Tier 1 (Undefined),,
cultural_intel_001,German Tech Localization,,5.9,,,100,mistral-large-latest,90.0,mistral,958,,success,2026-01-21 11:12:18,90,,Tier 1 (Undefined),90/100,90/100
cultural_intel_002,Inclusive Job Ad,,7.5,,,100,mistral-large-latest,40.0,mistral,1334,,success,2026-01-21 11:12:26,40,,Tier 1 (Undefined),40/100,40/100
cultural_intel_003,Berlin Agency Vibe,,4.6,,,100,mistral-large-latest,60.0,mistral,585,,success,2026-01-21 11:12:30,60,,Tier 1 (Undefined),60/100,60/100
cultural_intel_001,German Tech Localization,,5.8,,,100,mistral-large-latest,100.0,mistral,1059,,success,2026-01-21 11:13:38,100,,Tier 1 (Undefined),100/100,100/100
cultural_intel_002,Inclusive Job Ad,,10.0,,,100,mistral-large-latest,10.0,mistral,1911,,success,2026-01-21 11:13:48,10,,Tier 1 (Undefined),10/100,10/100
cultural_intel_003,Berlin Agency Vibe,,10.2,,,100,mistral-large-latest,50.0,mistral,1423,,success,2026-01-21 11:13:58,50,,Tier 1 (Undefined),50/100,50/100
cultural_intel_001,German Tech Localization,,6.7,,,100,mistral-medium-latest,90.0,mistral,1246,,success,2026-01-21 11:19:39,90,,Tier 1 (Undefined),90/100,90/100
cultural_intel_002,Inclusive Job Ad,,8.3,,,100,mistral-medium-latest,30.0,mistral,1442,,success,2026-01-21 11:19:48,30,,Tier 1 (Undefined),30/100,30/100
cultural_intel_003,Berlin Agency Vibe,,4.0,,,100,mistral-medium-latest,80.0,mistral,559,,success,2026-01-21 11:19:52,80,,Tier 1 (Undefined),80/100,80/100
code_quality_001,WCAG 2.2 Audit (Tiered Difficulty),55.0/60,52.9,0/0,10.0/10,100,mistral-large-latest,85.0,mistral,10376,20.0/30,success,2026-01-21 11:49:10,85.0,,Tier 1 (Undefined),,
code_quality_002,Security Audit (Tiered Difficulty),56.0/60,43.0,0/0,10.0/10,100,mistral-large-latest,96.0,mistral,8804,30.0/30,success,2026-01-21 11:49:53,96.0,,Tier 1 (Undefined),,
code_quality_003,Web Performance Audit (Tiered Difficulty),30.0/60,40.7,0/0,10.0/10,100,mistral-large-latest,70.0,mistral,7958,30.0/30,success,2026-01-21 11:50:33,70.0,,Tier 1 (Undefined),,
code_quality_004,REST API Design Audit (Tiered Difficulty),45.0/60,57.2,0/0,10.0/10,100,mistral-large-latest,75.0,mistral,12899,20.0/30,success,2026-01-21 11:51:31,75.0,,Tier 1 (Undefined),,
code_quality_005,Code Smells Audit (Tiered Difficulty),45.0/60,26.5,0/0,10.0/10,100,mistral-large-latest,75.0,mistral,5705,20.0/30,success,2026-01-21 11:51:57,75.0,,Tier 1 (Undefined),,
ux_writing_001,Error Messages - User-Friendly Rewriting,52.0/60,27.9,0/0,10.0/10,100,mistral-large-latest,82.0,mistral,6834,20.0/30,success,2026-01-21 11:52:25,82.0,,Tier 1 (Undefined),,
ux_writing_002,Button Labels - Context-Aware CTAs,45.0/60,25.7,0/0,10.0/10,100,mistral-large-latest,75.0,mistral,7021,20.0/30,success,2026-01-21 11:52:51,75.0,,Tier 1 (Undefined),,
ux_writing_003,Onboarding Flow - 3-Step Tutorial,60.0/60,39.0,0/0,10.0/10,100,mistral-large-latest,90.0,mistral,9287,20.0/30,success,2026-01-21 11:53:30,90.0,,Tier 1 (Undefined),,
ux_writing_004,Accessibility Labels - ARIA for Screen Readers,60.0/60,27.0,0/0,10.0/10,100,mistral-large-latest,90.0,mistral,6724,20.0/30,success,2026-01-21 11:53:57,90.0,,Tier 1 (Undefined),,
ux_writing_005,Microcopy Audit - Health App Context,60.0/60,40.8,0/0,10.0/10,100,mistral-large-latest,90.0,mistral,9715,20.0/30,success,2026-01-21 11:54:38,90.0,,Tier 1 (Undefined),,
documentation_quality_001,README Quality Assessment (Tiered),47.5/100,32.4,,,130,mistral-large-latest,59.6,mistral,6519,30/30,success,2026-01-21 11:55:10,77.5,,Tier 1 (Undefined),,
documentation_quality_002,REST API Endpoint Documentation,87.5/100,65.3,,,130,mistral-large-latest,90.4,mistral,13445,30/30,success,2026-01-21 11:56:16,117.5,,Tier 1 (Undefined),,
documentation_quality_003,Component Library Props Documentation,74.0/100,65.1,,,130,mistral-large-latest,72.3,mistral,16844,20/30,success,2026-01-21 11:57:21,94.0,,Tier 1 (Undefined),,
documentation_quality_004,Setup Guide - Local Dev Environment (Docker + Vite),70.0/100,61.2,,,130,mistral-large-latest,76.9,mistral,12415,30/30,success,2026-01-21 11:58:22,100.0,,Tier 1 (Undefined),,
documentation_quality_005,Changelog - Git Commits to User-Facing Release Notes,35.0/100,51.1,,,130,mistral-large-latest,42.3,mistral,9390,20/30,success,2026-01-21 11:59:13,55.0,,Tier 1 (Undefined),,
content_transformation_001,Landing Page Copy Transformation,24.6/40,36.9,,,100,mistral-large-latest,84.6,mistral,6173,60.0/60,success,2026-01-21 11:59:50,84.6,,Tier 1 (Undefined),,
content_transformation_002,Twitter Thread Transformation,29.2/40,43.1,,,100,mistral-large-latest,89.2,mistral,6866,60.0/60,success,2026-01-21 12:00:33,89.2,,Tier 1 (Undefined),,
content_transformation_003,Glossar-Eintrag Simplification,21.6/40,20.3,,,100,mistral-large-latest,81.6,mistral,3031,60.0/60,success,2026-01-21 12:00:53,81.6,,Tier 1 (Undefined),,
content_transformation_004,Video-Script Transformation,32.0/40,61.6,,,100,mistral-large-latest,92.0,mistral,9514,60.0/60,success,2026-01-21 12:01:55,92.0,,Tier 1 (Undefined),,
content_transformation_005,Email-Newsletter Adaptation,23.8/40,38.0,,,100,mistral-large-latest,83.8,mistral,6368,60.0/60,success,2026-01-21 12:02:33,83.8,,Tier 1 (Undefined),,
content_transformation_006,Sarcasm Shield (Incident Report),70.0/70,8.8,,,100,mistral-large-latest,100.0,mistral,1998,30.0/30,success,2026-01-21 12:02:42,100.0,,Tier 1 (Undefined),,
cultural_intel_001,German Tech Localization,,7.2,,,100,mistral-large-latest,100.0,mistral,1280,,success,2026-01-21 12:02:49,100,,Tier 1 (Undefined),100/100,100/100
cultural_intel_002,Inclusive Job Ad,,2.5,,,100,mistral-large-latest,90.0,mistral,396,,success,2026-01-21 12:02:52,90,,Tier 1 (Undefined),90/100,90/100
cultural_intel_003,Berlin Agency Vibe,,2.1,,,100,mistral-large-latest,90.0,mistral,273,,success,2026-01-21 12:02:54,90,,Tier 1 (Undefined),90/100,90/100
reasoning_001_river,Reasoning 001: River Crossing Puzzle,60.0/100.0,23.1,,,100.0,mistral-large-latest,78.0,mistral,6327,18.0/100.0,success,2026-01-21 12:03:17,78.0,0.0/100.0,Tier 1 (Operational Logic),,
reasoning_5a_001,Reasoning 5A: Code Logic Debugging (Infinite Loop),33.333333333333336/100.0,10.0,,,100.0,mistral-large-latest,48.3,mistral,3049,10.0/100.0,success,2026-01-21 12:03:27,48.333333333333336,5.0/100.0,Tier 2 (Deep Reasoning),,
reasoning_5b_001,Complex Reasoning Chains: Cross-Domain Root Cause,26.666666666666664/100.0,32.8,,,100.0,mistral-large-latest,66.7,mistral,5957,30.0/100.0,success,2026-01-21 12:04:00,66.66666666666666,10.0/100.0,Tier 2 (Deep Reasoning),,
reasoning_5c_001,Reasoning 5C: The Scheduling Paradox (Impossible Constraint),15.0/100.0,14.6,,,100.0,mistral-large-latest,15.0,mistral,3179,0.0/100.0,success,2026-01-21 12:04:14,15.0,0.0/100.0,Tier 2 (Deep Reasoning),,
reasoning_5d_001,Reasoning 5D: The Hidden Deadlock (Tier 2),40.0/100.0,4.4,,,100.0,mistral-large-latest,100.0,mistral,1096,50.0/100.0,success,2026-01-21 12:04:19,100.0,10.0/100.0,Tier 2 (Deep Reasoning),,
code_quality_001,WCAG 2.2 Audit (Tiered Difficulty),55.0/60,46.0,0/0,10.0/10,100,mistral-medium-latest,95.0,mistral,8771,30.0/30,success,2026-01-21 12:15:44,95.0,,Tier 1 (Undefined),,
code_quality_002,Security Audit (Tiered Difficulty),46.0/60,50.1,0/0,10.0/10,100,mistral-medium-latest,76.0,mistral,9853,20.0/30,success,2026-01-21 12:16:35,76.0,,Tier 1 (Undefined),,
code_quality_003,Web Performance Audit (Tiered Difficulty),40.0/60,47.3,0/0,10.0/10,100,mistral-medium-latest,80.0,mistral,9112,30.0/30,success,2026-01-21 12:17:22,80.0,,Tier 1 (Undefined),,
code_quality_004,REST API Design Audit (Tiered Difficulty),50.0/60,76.5,0/0,10.0/10,100,mistral-medium-latest,80.0,mistral,17244,20.0/30,success,2026-01-21 12:18:39,80.0,,Tier 1 (Undefined),,
code_quality_005,Code Smells Audit (Tiered Difficulty),55.0/60,27.5,0/0,10.0/10,100,mistral-medium-latest,95.0,mistral,5793,30.0/30,success,2026-01-21 12:19:06,95.0,,Tier 1 (Undefined),,
ux_writing_001,Error Messages - User-Friendly Rewriting,53.0/60,36.7,0/0,10.0/10,100,mistral-medium-latest,83.0,mistral,8085,20.0/30,success,2026-01-21 12:19:43,83.0,,Tier 1 (Undefined),,
ux_writing_002,Button Labels - Context-Aware CTAs,60.0/60,40.0,0/0,10.0/10,100,mistral-medium-latest,90.0,mistral,9557,20.0/30,success,2026-01-21 12:20:23,90.0,,Tier 1 (Undefined),,
ux_writing_003,Onboarding Flow - 3-Step Tutorial,60.0/60,31.1,0/0,10.0/10,100,mistral-medium-latest,90.0,mistral,7357,20.0/30,success,2026-01-21 12:20:54,90.0,,Tier 1 (Undefined),,
ux_writing_004,Accessibility Labels - ARIA for Screen Readers,60.0/60,27.5,0/0,10.0/10,100,mistral-medium-latest,90.0,mistral,6213,20.0/30,success,2026-01-21 12:21:22,90.0,,Tier 1 (Undefined),,
ux_writing_005,Microcopy Audit - Health App Context,60.0/60,40.9,0/0,10.0/10,100,mistral-medium-latest,90.0,mistral,9572,20.0/30,success,2026-01-21 12:22:03,90.0,,Tier 1 (Undefined),,
documentation_quality_001,README Quality Assessment (Tiered),56.5/100,37.6,,,130,mistral-medium-latest,66.5,mistral,7045,30/30,success,2026-01-21 12:22:40,86.5,,Tier 1 (Undefined),,
documentation_quality_002,REST API Endpoint Documentation,81.5/100,56.6,,,130,mistral-medium-latest,85.8,mistral,10880,30/30,success,2026-01-21 12:23:37,111.5,,Tier 1 (Undefined),,
documentation_quality_003,Component Library Props Documentation,80.5/100,65.1,,,130,mistral-medium-latest,77.3,mistral,15363,20/30,success,2026-01-21 12:24:42,100.5,,Tier 1 (Undefined),,
documentation_quality_004,Setup Guide - Local Dev Environment (Docker + Vite),69.0/100,60.3,,,130,mistral-medium-latest,76.2,mistral,11886,30/30,success,2026-01-21 12:25:42,99.0,,Tier 1 (Undefined),,
documentation_quality_005,Changelog - Git Commits to User-Facing Release Notes,27.0/100,41.8,,,130,mistral-medium-latest,43.8,mistral,7412,30/30,success,2026-01-21 12:26:24,57.0,,Tier 1 (Undefined),,
content_transformation_001,Landing Page Copy Transformation,22.6/40,29.9,,,100,mistral-medium-latest,82.6,mistral,4783,60.0/60,success,2026-01-21 12:26:54,82.6,,Tier 1 (Undefined),,
content_transformation_002,Twitter Thread Transformation,27.6/40,43.3,,,100,mistral-medium-latest,87.6,mistral,7110,60.0/60,success,2026-01-21 12:27:38,87.6,,Tier 1 (Undefined),,
content_transformation_003,Glossar-Eintrag Simplification,26.0/40,20.7,,,100,mistral-medium-latest,86.0,mistral,3195,60.0/60,success,2026-01-21 12:27:58,86.0,,Tier 1 (Undefined),,
content_transformation_004,Video-Script Transformation,36.0/40,62.3,,,100,mistral-medium-latest,96.0,mistral,9313,60.0/60,success,2026-01-21 12:29:01,96.0,,Tier 1 (Undefined),,
content_transformation_005,Email-Newsletter Adaptation,30.6/40,38.4,,,100,mistral-medium-latest,90.6,mistral,6809,60.0/60,success,2026-01-21 12:29:39,90.6,,Tier 1 (Undefined),,
content_transformation_006,Sarcasm Shield (Incident Report),52.5/70,7.2,,,100,mistral-medium-latest,82.5,mistral,1608,30.0/30,success,2026-01-21 12:29:46,82.5,,Tier 1 (Undefined),,
cultural_intel_001,German Tech Localization,,8.0,,,100,mistral-medium-latest,90.0,mistral,1362,,success,2026-01-21 12:29:54,90,,Tier 1 (Undefined),90/100,90/100
cultural_intel_002,Inclusive Job Ad,,2.2,,,100,mistral-medium-latest,90.0,mistral,367,,success,2026-01-21 12:29:57,90,,Tier 1 (Undefined),90/100,90/100
cultural_intel_003,Berlin Agency Vibe,,2.2,,,100,mistral-medium-latest,90.0,mistral,285,,success,2026-01-21 12:29:59,90,,Tier 1 (Undefined),90/100,90/100
reasoning_001_river,Reasoning 001: River Crossing Puzzle,60.0/100.0,28.4,,,100.0,mistral-medium-latest,78.0,mistral,7464,18.0/100.0,success,2026-01-21 12:30:27,78.0,0.0/100.0,Tier 1 (Operational Logic),,
reasoning_5a_001,Reasoning 5A: Code Logic Debugging (Infinite Loop),40.0/100.0,10.6,,,100.0,mistral-medium-latest,55.0,mistral,3103,10.0/100.0,success,2026-01-21 12:30:38,55.0,5.0/100.0,Tier 2 (Deep Reasoning),,
reasoning_5b_001,Complex Reasoning Chains: Cross-Domain Root Cause,26.666666666666664/100.0,40.3,,,100.0,mistral-medium-latest,56.7,mistral,6598,20.0/100.0,success,2026-01-21 12:31:18,56.666666666666664,10.0/100.0,Tier 2 (Deep Reasoning),,
reasoning_5c_001,Reasoning 5C: The Scheduling Paradox (Impossible Constraint),40.0/100.0,14.7,,,100.0,mistral-medium-latest,100.0,mistral,3486,50.0/100.0,success,2026-01-21 12:31:33,100.0,10.0/100.0,Tier 2 (Deep Reasoning),,
reasoning_5d_001,Reasoning 5D: The Hidden Deadlock (Tier 2),40.0/100.0,4.7,,,100.0,mistral-medium-latest,100.0,mistral,1150,50.0/100.0,success,2026-01-21 12:31:38,100.0,10.0/100.0,Tier 2 (Deep Reasoning),,
code_quality_001,WCAG 2.2 Audit (Tiered Difficulty),51.0/60,55.6,0/0,10.0/10,100,mistral-medium-latest,81.0,mistral,10134,20.0/30,success,2026-01-22 19:08:18,81.0,,Tier 1,,
code_quality_002,Security Audit (Tiered Difficulty),46.0/60,54.5,0/0,10.0/10,100,mistral-medium-latest,86.0,mistral,10824,30.0/30,success,2026-01-22 19:09:12,86.0,,Tier 1,,
code_quality_003,Web Performance Audit (Tiered Difficulty),30.0/60,38.6,0/0,10.0/10,100,mistral-medium-latest,70.0,mistral,7995,30.0/30,success,2026-01-22 19:09:51,70.0,,Tier 1,,
code_quality_004,REST API Design Audit (Tiered Difficulty),50.0/60,65.6,0/0,10.0/10,100,mistral-medium-latest,80.0,mistral,15309,20.0/30,success,2026-01-22 19:10:57,80.0,,Tier 1,,
code_quality_005,Code Smells Audit (Tiered Difficulty),45.0/60,27.2,0/0,10.0/10,100,mistral-medium-latest,75.0,mistral,5878,20.0/30,success,2026-01-22 19:11:24,75.0,,Tier 1,,
ux_writing_001,Error Messages - User-Friendly Rewriting,53.0/60,35.8,0/0,10.0/10,100,mistral-medium-latest,83.0,mistral,8099,20.0/30,success,2026-01-22 19:12:00,83.0,,Tier 1,,
ux_writing_002,Button Labels - Context-Aware CTAs,60.0/60,32.9,0/0,10.0/10,100,mistral-medium-latest,90.0,mistral,7329,20.0/30,success,2026-01-22 19:12:33,90.0,,Tier 1,,
ux_writing_003,Onboarding Flow - 3-Step Tutorial,53.0/60,39.5,0/0,10.0/10,100,mistral-medium-latest,83.0,mistral,9483,20.0/30,success,2026-01-22 19:13:12,83.0,,Tier 1,,
ux_writing_004,Accessibility Labels - ARIA for Screen Readers,50.0/60,24.0,0/0,10.0/10,100,mistral-medium-latest,80.0,mistral,5727,20.0/30,success,2026-01-22 19:13:36,80.0,,Tier 1,,
ux_writing_005,Microcopy Audit - Health App Context,60.0/60,34.1,0/0,10.0/10,100,mistral-medium-latest,90.0,mistral,7884,20.0/30,success,2026-01-22 19:14:11,90.0,,Tier 1,,
documentation_quality_001,README Quality Assessment (Tiered),54.5/100,38.7,,,130,mistral-medium-latest,65.0,mistral,7162,30/30,success,2026-01-22 19:14:49,84.5,,Tier 1,,
documentation_quality_002,REST API Endpoint Documentation,68.5/100,69.4,,,130,mistral-medium-latest,75.8,mistral,15613,30/30,success,2026-01-22 19:15:59,98.5,,Tier 1,,
documentation_quality_003,Component Library Props Documentation,62.0/100,69.0,,,130,mistral-medium-latest,63.1,mistral,15756,20/30,success,2026-01-22 19:17:08,82.0,,Tier 1,,
documentation_quality_004,Setup Guide - Local Dev Environment (Docker + Vite),63.0/100,57.8,,,130,mistral-medium-latest,71.5,mistral,11844,30/30,success,2026-01-22 19:18:06,93.0,,Tier 1,,
documentation_quality_005,Changelog - Git Commits to User-Facing Release Notes,50.5/100,30.3,,,130,mistral-medium-latest,61.9,mistral,6353,30/30,success,2026-01-22 19:18:36,80.5,,Tier 1,,
content_transformation_001,Landing Page Copy Transformation,24.6/40,38.5,,,100,mistral-medium-latest,84.6,mistral,7166,60.0/60,success,2026-01-22 19:19:15,84.6,,Tier 1,,
content_transformation_002,Twitter Thread Transformation,27.2/40,48.6,,,100,mistral-medium-latest,87.2,mistral,7642,60.0/60,success,2026-01-22 19:20:03,87.2,,Tier 1,,
content_transformation_003,Glossar-Eintrag Simplification,19.6/40,23.6,,,100,mistral-medium-latest,79.6,mistral,3675,60.0/60,success,2026-01-22 19:20:27,79.6,,Tier 1,,
content_transformation_004,Video-Script Transformation,36.0/40,64.1,,,100,mistral-medium-latest,96.0,mistral,9587,60.0/60,success,2026-01-22 19:21:31,96.0,,Tier 1,,
content_transformation_005,Email-Newsletter Adaptation,22.2/40,31.6,,,100,mistral-medium-latest,82.2,mistral,5601,60.0/60,success,2026-01-22 19:22:03,82.2,,Tier 1,,
content_transformation_006,Sarcasm Shield (Incident Report),70.0/70,8.7,,,100,mistral-medium-latest,100.0,mistral,2057,30.0/30,success,2026-01-22 19:22:12,100.0,,Tier 1,,
cultural_intel_001,German Tech Localization,,8.4,,,100,mistral-medium-latest,90.0,mistral,1430,,success,2026-01-22 19:22:20,90,,Tier 1,90/100,90/100
cultural_intel_002,Inclusive Job Ad,,2.3,,,100,mistral-medium-latest,90.0,mistral,391,,success,2026-01-22 19:22:22,90,,Tier 1,90/100,90/100
cultural_intel_003,Berlin Agency Vibe,,4.2,,,100,mistral-medium-latest,90.0,mistral,277,,success,2026-01-22 19:22:27,90,,Tier 1,90/100,90/100
reasoning_001_river,Reasoning 001: River Crossing Puzzle,60.0/100.0,31.7,,,100.0,mistral-medium-latest,78.0,mistral,7389,18.0/100.0,success,2026-01-22 19:22:58,78.0,0.0/100.0,Tier 1 (Operational Logic),,
reasoning_5a_001,Reasoning 5A: Code Logic Debugging (Infinite Loop),40.0/100.0,11.1,,,100.0,mistral-medium-latest,55.0,mistral,3416,10.0/100.0,success,2026-01-22 19:23:09,55.0,5.0/100.0,Tier 2 (Deep Reasoning),,
reasoning_5b_001,Complex Reasoning Chains: Cross-Domain Root Cause,40.0/100.0,32.9,,,100.0,mistral-medium-latest,75.0,mistral,5829,30.0/100.0,success,2026-01-22 19:23:42,75.0,5.0/100.0,Tier 2 (Deep Reasoning),,
reasoning_5c_001,Reasoning 5C: The Scheduling Paradox (Impossible Constraint),40.0/100.0,12.4,,,100.0,mistral-medium-latest,100.0,mistral,2810,50.0/100.0,success,2026-01-22 19:23:55,100.0,10.0/100.0,Tier 2 (Deep Reasoning),,
reasoning_5d_001,Reasoning 5D: The Hidden Deadlock (Tier 2),40.0/100.0,5.6,,,100.0,mistral-medium-latest,100.0,mistral,1407,50.0/100.0,success,2026-01-22 19:24:00,100.0,10.0/100.0,Tier 2 (Deep Reasoning),,
